model_name,accuracy,cohen_kappa,f1_weighted,f1_macro,level
Stacking Ensemble,0.727710843373494,0.6183954625719145,0.731943658559793,0.6427586792320146,test
