{
  "model": "tabnet_pixel",
  "fraction": 0.25,
  "train_fields": 663,
  "train_pixels": 1204745,
  "seeds": [
    42,
    101,
    202,
    303,
    404
  ],
  "training_time_sec": 5028.5,
  "metrics": {
    "accuracy": 0.778313,
    "f1_macro": 0.707992,
    "f1_weighted": 0.777298,
    "cohen_kappa": 0.687842
  }
}