{
  "model_name": "TabNet Field-Level (xr_fresh)",
  "timestamp": "2026-02-18T03:15:02.189668",
  "script_path": "/home/mmann1123/Documents/github/South_Africa_Crop_Comp/deep_learn/src/Classical Machine Learning/Field Level/tabnet_field.py",
  "hyperparameters": {
    "n_d": 64,
    "n_a": 64,
    "n_steps": 5,
    "gamma": 1.5,
    "n_independent": 2,
    "n_shared": 2,
    "lr": 0.001,
    "scheduler": "StepLR(step=10, gamma=0.9)",
    "loss": "WeightedFocalLoss(gamma=2.0, alpha=1/class_counts)",
    "model_selection": "val F1 macro (maximize)",
    "max_epochs": 100,
    "patience": 10,
    "batch_size": 1024,
    "n_models": 5,
    "seeds": [
      42,
      101,
      202,
      303,
      404
    ],
    "features": "xr_fresh time-series (field-level mean)"
  },
  "split_info": {
    "train_count": 2653,
    "val_count": 664,
    "test_count": 830,
    "random_seed": 42,
    "split_method": "fid-wise (field-level)"
  },
  "metrics": {
    "level": "test",
    "accuracy": 0.5650602409638554,
    "cohen_kappa": 0.4218583579025361,
    "f1_weighted": 0.581217566917001,
    "f1_macro": 0.5147737686654602,
    "macro_avg": {
      "precision": 0.5184070383639349,
      "recall": 0.5194083072100314,
      "f1-score": 0.5147737686654602,
      "support": 830.0
    },
    "weighted_avg": {
      "precision": 0.6072068626049204,
      "recall": 0.5650602409638554,
      "f1-score": 0.581217566917001,
      "support": 830.0
    }
  },
  "class_names": [
    "Barley",
    "Canola",
    "Lucerne/Medics",
    "Small grain grazing",
    "Wheat"
  ],
  "confusion_matrix": [
    [
      69,
      10,
      8,
      12,
      39
    ],
    [
      11,
      60,
      3,
      2,
      11
    ],
    [
      16,
      5,
      249,
      53,
      29
    ],
    [
      19,
      4,
      19,
      28,
      18
    ],
    [
      61,
      5,
      11,
      25,
      63
    ]
  ],
  "per_class": {
    "Barley": {
      "precision": 0.39204545454545453,
      "recall": 0.5,
      "f1-score": 0.4394904458598726,
      "support": 138.0
    },
    "Canola": {
      "precision": 0.7142857142857143,
      "recall": 0.6896551724137931,
      "f1-score": 0.7017543859649122,
      "support": 87.0
    },
    "Lucerne/Medics": {
      "precision": 0.8586206896551725,
      "recall": 0.7073863636363636,
      "f1-score": 0.7757009345794392,
      "support": 352.0
    },
    "Small grain grazing": {
      "precision": 0.23333333333333334,
      "recall": 0.3181818181818182,
      "f1-score": 0.2692307692307692,
      "support": 88.0
    },
    "Wheat": {
      "precision": 0.39375,
      "recall": 0.38181818181818183,
      "f1-score": 0.38769230769230767,
      "support": 165.0
    }
  },
  "training_history": null,
  "feature_importance": null,
  "training_time_seconds": 34.25998115539551,
  "notes": null,
  "pdf_path": "/home/mmann1123/Documents/github/South_Africa_Crop_Comp/deep_learn/src/reports/TabNet_Field-Level__xr_fresh_20260218_031502/report.pdf"
}