{
  "model_name": "Voting Ensemble",
  "timestamp": "2026-02-18T16:45:21.863523",
  "script_path": "/home/mmann1123/Documents/github/South_Africa_Crop_Comp/deep_learn/src/Classical Machine Learning/Field Level/Ensemble - Voting and Stacking.py",
  "hyperparameters": {
    "estimators": [
      "LR (OVR)",
      "RF (OVR, n=400)",
      "HGB (OVR)",
      "XGB (OVR, n=400, depth=6, lr=0.1)"
    ],
    "voting": "soft",
    "final_estimator": "N/A"
  },
  "split_info": {
    "train_count": 3317,
    "val_count": 0,
    "test_count": 830,
    "random_seed": 42,
    "split_method": "fid-wise"
  },
  "metrics": {
    "level": "test",
    "accuracy": 0.7807228915662651,
    "cohen_kappa": 0.6817498072296264,
    "f1_weighted": 0.7692107974598409,
    "f1_macro": 0.6853908785036593,
    "macro_avg": {
      "precision": 0.7112875994726722,
      "recall": 0.6738245311430336,
      "f1-score": 0.6853908785036593,
      "support": 830.0
    },
    "weighted_avg": {
      "precision": 0.7659552514189346,
      "recall": 0.7807228915662651,
      "f1-score": 0.7692107974598409,
      "support": 830.0
    }
  },
  "class_names": [
    "Barley",
    "Canola",
    "Lucerne/Medics",
    "Small grain grazing",
    "Wheat"
  ],
  "confusion_matrix": [
    [
      86,
      4,
      9,
      4,
      30
    ],
    [
      1,
      87,
      7,
      2,
      3
    ],
    [
      3,
      1,
      374,
      5,
      5
    ],
    [
      2,
      7,
      24,
      23,
      18
    ],
    [
      32,
      2,
      15,
      8,
      78
    ]
  ],
  "per_class": {
    "Barley": {
      "precision": 0.6935483870967742,
      "recall": 0.6466165413533834,
      "f1-score": 0.669260700389105,
      "support": 133.0
    },
    "Canola": {
      "precision": 0.8613861386138614,
      "recall": 0.87,
      "f1-score": 0.8656716417910447,
      "support": 100.0
    },
    "Lucerne/Medics": {
      "precision": 0.8717948717948718,
      "recall": 0.9639175257731959,
      "f1-score": 0.9155446756425949,
      "support": 388.0
    },
    "Small grain grazing": {
      "precision": 0.5476190476190477,
      "recall": 0.3108108108108108,
      "f1-score": 0.39655172413793105,
      "support": 74.0
    },
    "Wheat": {
      "precision": 0.582089552238806,
      "recall": 0.5777777777777777,
      "f1-score": 0.5799256505576208,
      "support": 135.0
    }
  },
  "training_history": null,
  "feature_importance": null,
  "training_time_seconds": 108.68832349777222,
  "notes": null,
  "pdf_path": "/home/mmann1123/Documents/github/South_Africa_Crop_Comp/deep_learn/src/reports/Voting_Ensemble_20260218_164521/report.pdf"
}