model_name,accuracy,cohen_kappa,f1_weighted,f1_macro,level
Voting Ensemble,0.7807228915662651,0.6817498072296264,0.7692107974598409,0.6853908785036593,test
