{
  "model_name": "CNN-BiLSTM Ensemble (5-seed)",
  "timestamp": "2026-02-17T11:49:19.506290",
  "script_path": "/home/mmann1123/Documents/github/South_Africa_Crop_Comp/deep_learn/src/Deep Learning/Pixel_Field_Level/cnn_bilstm.py",
  "hyperparameters": {
    "num_models": 5,
    "conv_filters": 64,
    "lstm_hidden": 64,
    "kernel_size": 5,
    "dropout": 0.3,
    "learning_rate": 0.001,
    "epochs": 100,
    "patience": 15,
    "batch_size": 1024,
    "loss": "WeightedFocalLoss(gamma=2.0, alpha=1/class_counts)",
    "model_selection": "val F1 macro (maximize)",
    "gradient_clipping": 1.0
  },
  "split_info": {
    "train_count": 5407549,
    "val_count": 600899,
    "test_count": 1531914,
    "random_seed": 42,
    "split_method": "fid-wise"
  },
  "metrics": {
    "level": "test",
    "accuracy": 0.7689060874174399,
    "cohen_kappa": 0.6946000471167288,
    "f1_weighted": 0.767038668585229,
    "f1_macro": 0.7235681695569719,
    "macro_avg": {
      "precision": 0.7370058570882481,
      "recall": 0.717255708310849,
      "f1-score": 0.7235681695569719,
      "support": 1531914.0
    },
    "weighted_avg": {
      "precision": 0.7694898620208844,
      "recall": 0.7689060874174399,
      "f1-score": 0.767038668585229,
      "support": 1531914.0
    }
  },
  "class_names": [
    "Barley",
    "Canola",
    "Lucerne/Medics",
    "Small grain grazing",
    "Wheat"
  ],
  "confusion_matrix": [
    [
      206579,
      7169,
      9808,
      5021,
      64096
    ],
    [
      11790,
      197061,
      6349,
      5573,
      14202
    ],
    [
      13570,
      5664,
      503329,
      22307,
      17614
    ],
    [
      22788,
      7948,
      34120,
      68526,
      24529
    ],
    [
      52453,
      1320,
      15208,
      12487,
      202403
    ]
  ],
  "per_class": {
    "Barley": {
      "precision": 0.6725014649391237,
      "recall": 0.7058355229214858,
      "f1-score": 0.688765414193144,
      "support": 292673.0
    },
    "Canola": {
      "precision": 0.899156788129329,
      "recall": 0.8386466645387807,
      "f1-score": 0.8678482484360446,
      "support": 234975.0
    },
    "Lucerne/Medics": {
      "precision": 0.8848744932438372,
      "recall": 0.8948325641262684,
      "f1-score": 0.8898256692754695,
      "support": 562484.0
    },
    "Small grain grazing": {
      "precision": 0.6015590708780308,
      "recall": 0.4339533028098106,
      "f1-score": 0.5041920353168399,
      "support": 157911.0
    },
    "Wheat": {
      "precision": 0.6269374682509199,
      "recall": 0.7130104871578992,
      "f1-score": 0.6672094805633617,
      "support": 283871.0
    }
  },
  "training_history": null,
  "feature_importance": null,
  "notes": null,
  "pdf_path": "/home/mmann1123/Documents/github/South_Africa_Crop_Comp/deep_learn/src/reports/CNN-BiLSTM_Ensemble__5-seed_20260217_114919/report.pdf"
}