model_name,accuracy,cohen_kappa,f1_weighted,f1_macro,level
Random Forest (Pixel-Level),0.6916312200050517,0.5896055774569934,0.6798406408750219,0.6379760901634792,test
