{
  "model_name": "3D CNN Patch-Level",
  "timestamp": "2026-02-10T20:26:21.707167",
  "script_path": "/home/mmann1123/Documents/github/South_Africa_Crop_Comp/deep_learn/src/Deep Learning/Patch Level/3D_CNN.py",
  "hyperparameters": {
    "target_size": [
      128,
      128
    ],
    "batch_size": 8,
    "epochs": 20,
    "optimizer": "Adam(lr=1e-4)",
    "loss": "sparse_categorical_crossentropy",
    "conv3d_filters": [
      32,
      64,
      128
    ],
    "bands": [
      "SA_B11",
      "SA_B12",
      "SA_B2",
      "SA_B6",
      "SA_EVI",
      "SA_hue"
    ],
    "time_steps": 10
  },
  "split_info": {
    "train_count": 21741,
    "val_count": 0,
    "test_count": 5355,
    "random_seed": 42,
    "split_method": "field-based (patch-level)"
  },
  "metrics": {
    "level": "test",
    "accuracy": 0.7548085901027077,
    "cohen_kappa": 0.6788591029349131,
    "f1_weighted": 0.7484158306240506,
    "f1_macro": 0.6994056529822654,
    "macro_avg": {
      "precision": 0.714894209789184,
      "recall": 0.6927133129942697,
      "f1-score": 0.6994056529822654,
      "support": 5355.0
    },
    "weighted_avg": {
      "precision": 0.7469803978675481,
      "recall": 0.7548085901027077,
      "f1-score": 0.7484158306240506,
      "support": 5355.0
    }
  },
  "class_names": [
    "Barley",
    "Canola",
    "Lucerne/Medics",
    "Small grain grazing",
    "Wheat"
  ],
  "confusion_matrix": [
    [
      569,
      0,
      15,
      19,
      287
    ],
    [
      16,
      843,
      8,
      9,
      69
    ],
    [
      18,
      14,
      1561,
      49,
      23
    ],
    [
      43,
      26,
      147,
      160,
      103
    ],
    [
      278,
      16,
      99,
      74,
      909
    ]
  ],
  "per_class": {
    "Barley": {
      "precision": 0.6158008658008658,
      "recall": 0.6393258426966292,
      "f1-score": 0.6273428886438809,
      "support": 890.0
    },
    "Canola": {
      "precision": 0.9377085650723026,
      "recall": 0.8920634920634921,
      "f1-score": 0.9143167028199566,
      "support": 945.0
    },
    "Lucerne/Medics": {
      "precision": 0.8530054644808743,
      "recall": 0.9375375375375375,
      "f1-score": 0.8932761087267524,
      "support": 1665.0
    },
    "Small grain grazing": {
      "precision": 0.5144694533762058,
      "recall": 0.33402922755741127,
      "f1-score": 0.4050632911392405,
      "support": 479.0
    },
    "Wheat": {
      "precision": 0.6534867002156722,
      "recall": 0.6606104651162791,
      "f1-score": 0.6570292735814962,
      "support": 1376.0
    }
  },
  "training_history": {
    "accuracy": [
      0.5958327651023865,
      0.6611011624336243,
      0.6904926300048828,
      0.7145025730133057,
      0.7237017750740051,
      0.73593670129776,
      0.7412262558937073,
      0.7489075660705566,
      0.7522653341293335,
      0.7590267062187195,
      0.7612805366516113,
      0.7691918611526489,
      0.7703417539596558,
      0.7738834619522095,
      0.7808288335800171,
      0.7850145101547241,
      0.7866243720054626,
      0.7922818660736084,
      0.7970654368400574,
      0.8024929761886597
    ],
    "loss": [
      1.0327166318893433,
      0.8813707828521729,
      0.8216697573661804,
      0.7728739380836487,
      0.7475892901420593,
      0.7246646881103516,
      0.7022449970245361,
      0.6867681741714478,
      0.6734113693237305,
      0.6625632047653198,
      0.649320125579834,
      0.6365591287612915,
      0.6245884895324707,
      0.6137177348136902,
      0.6002836227416992,
      0.5910614132881165,
      0.5784979462623596,
      0.568816065788269,
      0.5541219711303711,
      0.5413599014282227
    ],
    "val_accuracy": [
      0.6614379286766052,
      0.6898226141929626,
      0.7243697643280029,
      0.7088702321052551,
      0.7342670559883118,
      0.7299720048904419,
      0.7376284003257751,
      0.7508870363235474,
      0.740056037902832,
      0.7592903971672058,
      0.7518207430839539,
      0.7372549176216125,
      0.7469654679298401,
      0.7555555701255798,
      0.7643324136734009,
      0.7605975866317749,
      0.7561157941818237,
      0.758169949054718,
      0.7516340017318726,
      0.7548086047172546
    ],
    "val_loss": [
      0.8995206356048584,
      0.8470089435577393,
      0.7847216129302979,
      0.7778844833374023,
      0.7516047358512878,
      0.7815861105918884,
      0.7440295815467834,
      0.7596917748451233,
      0.7692292332649231,
      0.7249262928962708,
      0.7205085754394531,
      0.7442353367805481,
      0.7276692986488342,
      0.7302432656288147,
      0.7216076850891113,
      0.7075894474983215,
      0.7287723422050476,
      0.7293750643730164,
      0.7363796234130859,
      0.7271636128425598
    ]
  },
  "feature_importance": null,
  "notes": null,
  "pdf_path": "/home/mmann1123/Documents/github/South_Africa_Crop_Comp/deep_learn/src/reports/3D_CNN_Patch-Level_20260210_202621/report.pdf"
}