model_name,accuracy,cohen_kappa,f1_weighted,f1_macro,level
XGBoost Field-Level,0.7493975903614458,0.6521837237133176,0.7450029221236564,0.6892167657472947,test
