{
  "model_name": "TempCNN Temporal Conv",
  "timestamp": "2026-02-13T11:08:54.514444",
  "script_path": "/home/mmann1123/Documents/github/South_Africa_Crop_Comp/deep_learn/src/Deep Learning/Pixel_Field_Level/tempcnn_model.py",
  "hyperparameters": {
    "architecture": "TempCNN (Pelletier et al. 2019)",
    "conv_layers": "64\u219264\u2192128",
    "kernel_sizes": "5, 5, 3",
    "pooling": "AdaptiveAvgPool1d",
    "dropout": 0.2,
    "lr": 0.001,
    "epochs": 50,
    "patience": 8,
    "batch_size": 1024,
    "n_models": 5,
    "seeds": [
      42,
      101,
      202,
      303,
      404
    ],
    "temporal_order": "chronological"
  },
  "split_info": {
    "train_count": 4802658,
    "val_count": 1205790,
    "test_count": 1531914,
    "random_seed": 42,
    "split_method": "fid-wise"
  },
  "metrics": {
    "level": "test",
    "accuracy": 0.7951807228915663,
    "cohen_kappa": 0.7165226510657021,
    "f1_weighted": 0.7991733848244449,
    "f1_macro": 0.7434127972784095,
    "macro_avg": {
      "precision": 0.745002716825647,
      "recall": 0.7507653183177514,
      "f1-score": 0.7434127972784095,
      "support": 830.0
    },
    "weighted_avg": {
      "precision": 0.8092616616767117,
      "recall": 0.7951807228915663,
      "f1-score": 0.7991733848244449,
      "support": 830.0
    }
  },
  "class_names": [
    "Barley",
    "Canola",
    "Lucerne/Medics",
    "Small grain grazing",
    "Wheat"
  ],
  "confusion_matrix": [
    [
      113,
      3,
      5,
      7,
      12
    ],
    [
      6,
      91,
      1,
      4,
      5
    ],
    [
      5,
      1,
      334,
      32,
      8
    ],
    [
      8,
      3,
      11,
      54,
      7
    ],
    [
      31,
      0,
      9,
      12,
      68
    ]
  ],
  "per_class": {
    "Barley": {
      "precision": 0.6932515337423313,
      "recall": 0.8071428571428572,
      "f1-score": 0.7458745874587459,
      "support": 140.0
    },
    "Canola": {
      "precision": 0.9285714285714286,
      "recall": 0.8504672897196262,
      "f1-score": 0.8878048780487805,
      "support": 107.0
    },
    "Lucerne/Medics": {
      "precision": 0.9277777777777778,
      "recall": 0.8789473684210526,
      "f1-score": 0.9027027027027027,
      "support": 380.0
    },
    "Small grain grazing": {
      "precision": 0.4954128440366973,
      "recall": 0.6506024096385542,
      "f1-score": 0.5625,
      "support": 83.0
    },
    "Wheat": {
      "precision": 0.68,
      "recall": 0.5666666666666667,
      "f1-score": 0.6181818181818182,
      "support": 120.0
    }
  },
  "training_history": null,
  "feature_importance": null,
  "notes": null,
  "pdf_path": "/home/mmann1123/Documents/github/South_Africa_Crop_Comp/deep_learn/src/reports/TempCNN_Temporal_Conv_20260213_110854/report.pdf"
}