model_name,accuracy,cohen_kappa,f1_weighted,f1_macro,level
Voting Ensemble,0.7807228915662651,0.6815659887348646,0.7700645494480047,0.6880288674302001,test
