class,precision,recall,f1-score,support,cross_entropy
Barley,0.46766169154228854,0.4895833333333333,0.47837150127226463,192.0,1.3682028279514646
Canola,0.8876404494382022,0.572463768115942,0.6960352422907489,138.0,0.4605171157438506
Lucerne/Medics,0.8471810089020771,0.8409425625920471,0.844050258684405,1358.0,2.81649547168234
Small grain grazing,0.45484949832775917,0.3185011709601874,0.3746556473829201,427.0,3.0300685804227263
Wheat,0.3410041841004184,0.5433333333333333,0.4190231362467866,300.0,3.0167202611589956
accuracy,0.6683229813664596,0.6683229813664596,0.6683229813664596,0.6683229813664596,
macro avg,0.5996673664621491,0.5529648336669687,0.5624271571754249,2415.0,
weighted avg,0.6870721440594992,0.6683229813664596,0.6707268510477694,2415.0,
