class,precision,recall,f1-score,support,cross_entropy
Barley,0.3,0.546875,0.3874538745387454,192.0,2.2158211033321455
Canola,0.9,0.5869565217391305,0.7105263157894737,138.0,0.4404946367983429
Lucerne/Medics,0.8427073403241182,0.6509572901325479,0.7345243041130037,1358.0,4.264788115382702
Small grain grazing,0.318359375,0.38173302107728335,0.34717784877529284,427.0,4.091259964563627
Wheat,0.30917874396135264,0.4266666666666667,0.3585434173669468,300.0,3.056765219043254
accuracy,0.5635610766045549,0.5635610766045549,0.5635610766045549,0.5635610766045549,
macro avg,0.5340490918570941,0.5186376999231257,0.5076451521166925,2415.0,
weighted avg,0.6438466436743513,0.5635610766045549,0.5903667689908818,2415.0,
