class,precision,recall,f1-score,support,cross_entropy
Barley,0.660377358490566,0.3645833333333333,0.4697986577181208,192.0,1.0545173244597827
Canola,0.9009009009009009,0.7246376811594203,0.8032128514056225,138.0,0.3270339227754698
Lucerne/Medics,0.7719714964370546,0.9572901325478645,0.8547008547008547,1358.0,2.9499786646897346
Small grain grazing,0.3874538745387454,0.2459016393442623,0.3008595988538682,427.0,3.2569900084699985
Wheat,0.4773662551440329,0.38666666666666666,0.427255985267035,300.0,2.0756637506893982
accuracy,0.7002070393374741,0.7002070393374741,0.7002070393374741,0.7002070393374741,
macro avg,0.63961397710226,0.5358158906103094,0.5711655895891002,2415.0,
weighted avg,0.6658827123342806,0.7002070393374741,0.6701334661492042,2415.0,
