class,precision,recall,f1-score,support,cross_entropy
Barley,0.59,0.3072916666666667,0.4041095890410959,192.0,1.1613038788357517
Canola,0.44052863436123346,0.7246376811594203,0.547945205479452,138.0,1.101236442018626
Lucerne/Medics,0.7693244065733414,0.930780559646539,0.8423858713762079,1358.0,3.1568776137899737
Small grain grazing,0.3932038834951456,0.18969555035128804,0.2559241706161137,427.0,3.1435292944377533
Wheat,0.4435146443514644,0.35333333333333333,0.39332096474953615,300.0,2.1824503050655846
accuracy,0.6666666666666666,0.6666666666666666,0.6666666666666666,0.6666666666666666,
macro avg,0.527314313756237,0.5011477582314494,0.4887371602524812,2415.0,
weighted avg,0.6293034978162794,0.6666666666666666,0.6312386762148599,2415.0,
