class,precision,recall,f1-score,support,cross_entropy
Barley,0.42916666666666664,0.5364583333333334,0.47685185185185186,192.0,1.5083601805750322
Canola,0.872093023255814,0.5434782608695652,0.6696428571428571,138.0,0.49388791398621845
Lucerne/Medics,0.8792165397170838,0.5949926362297496,0.7097057531840141,1358.0,4.411619627636391
Small grain grazing,0.29760225669957685,0.49414519906323184,0.3714788732394366,427.0,4.765350089087526
Wheat,0.2993492407809111,0.46,0.36268068331143233,300.0,3.2369675295589273
accuracy,0.5527950310559007,0.5527950310559007,0.5527950310559007,0.5527950310559007,
macro avg,0.5554855454240105,0.525814885899176,0.5180720037459184,2415.0,
weighted avg,0.6681597656273683,0.5527950310559007,0.5859926983568654,2415.0,
