class,precision,recall,f1-score,support,cross_entropy
Barley,0.6528925619834711,0.4114583333333333,0.5047923322683706,192.0,1.0344948455158005
Canola,0.9357798165137615,0.7391304347826086,0.8259109311740891,138.0,0.28698896488401826
Lucerne/Medics,0.7819053325344517,0.9609720176730486,0.8622398414271556,1358.0,2.783124673474627
Small grain grazing,0.43902439024390244,0.2529274004683841,0.3209509658246657,427.0,3.050091059362568
Wheat,0.4888888888888889,0.44,0.4631578947368421,300.0,2.0422929524496456
accuracy,0.7146997929606625,0.7146997929606625,0.7146997929606625,0.7146997929606625,
macro avg,0.6596981980328951,0.5608976372514749,0.5954103930862247,2415.0,
weighted avg,0.6834163600258071,0.7146997929606625,0.6864641705108959,2415.0,
