class,precision,recall,f1-score,support,cross_entropy
Barley,0.5374149659863946,0.4114583333333333,0.46607669616519176,192.0,1.208022996380646
Canola,0.822429906542056,0.6376811594202898,0.7183673469387755,138.0,0.4605171157458123
Lucerne/Medics,0.7697448359659781,0.9329896907216495,0.8435419440745673,1358.0,3.1368551348446836
Small grain grazing,0.45495495495495497,0.23653395784543327,0.31124807395993837,427.0,2.9833494628745627
Wheat,0.4812286689419795,0.47,0.47554806070826305,300.0,2.0756637506948468
accuracy,0.6939958592132505,0.6939958592132505,0.6939958592132505,0.6939958592132505,
macro avg,0.6131546664782725,0.537732628264141,0.5629564243693472,2415.0,
weighted avg,0.6627854468995236,0.6939958592132505,0.6665501968479929,2415.0,
