class,precision,recall,f1-score,support,cross_entropy
Barley,0.3727598566308244,0.5416666666666666,0.4416135881104034,192.0,1.7553040875752226
Canola,0.8901098901098901,0.5869565217391305,0.7074235807860262,138.0,0.44716879644699076
Lucerne/Medics,0.844559585492228,0.8402061855670103,0.8423772609819121,1358.0,2.8498662699253616
Small grain grazing,0.4564459930313589,0.30679156908665106,0.36694677871148457,427.0,3.016720261124341
Wheat,0.3464373464373464,0.47,0.3988684582743989,300.0,2.836517950640707
accuracy,0.6616977225672878,0.6616977225672878,0.6616977225672878,0.6616977225672878,
macro avg,0.5820625343403295,0.5491241886118917,0.551445933372845,2415.0,
weighted avg,0.6791513943529288,0.6616977225672878,0.6636477828038216,2415.0,
