class,precision,recall,f1-score,support,cross_entropy
Barley,0.6571428571428571,0.359375,0.46464646464646464,192.0,1.0611914841082126
Canola,0.9183673469387755,0.6521739130434783,0.7627118644067796,138.0,0.3737530403138255
Lucerne/Medics,0.7686390532544378,0.9565537555228277,0.8523622047244095,1358.0,3.0033719418787
Small grain grazing,0.379746835443038,0.2810304449648712,0.32301480484522205,427.0,3.357102403202987
Wheat,0.5242718446601942,0.36,0.4268774703557312,300.0,1.9355063980660487
accuracy,0.698136645962733,0.698136645962733,0.698136645962733,0.698136645962733,
macro avg,0.6496335874878605,0.5218266227062354,0.5659225617957215,2415.0,
weighted avg,0.6692138339133505,0.698136645962733,0.6699647185472604,2415.0,
