class,precision,recall,f1-score,support,cross_entropy
Barley,0.6386554621848739,0.3958333333333333,0.4887459807073955,192.0,1.0611914841097383
Canola,0.9363636363636364,0.7463768115942029,0.8306451612903226,138.0,0.2803148052355883
Lucerne/Medics,0.7801078490113841,0.9587628865979382,0.8602576808721506,1358.0,2.8231696313658605
Small grain grazing,0.4226415094339623,0.26229508196721313,0.3236994219653179,427.0,3.123506815498566
Wheat,0.49206349206349204,0.41333333333333333,0.4492753623188406,300.0,2.0289446331506062
accuracy,0.7109730848861283,0.7109730848861283,0.7109730848861283,0.7109730848861283,
macro avg,0.6539663898114697,0.5553202893652042,0.5905247214308054,2415.0,
weighted avg,0.6788047460300153,0.7109730848861283,0.6831057776617424,2415.0,
