class,precision,recall,f1-score,support,cross_entropy
Barley,0.6542056074766355,0.3645833333333333,0.4682274247491639,192.0,1.0611914841084307
Canola,0.9056603773584906,0.6956521739130435,0.7868852459016393,138.0,0.3470564017205416
Lucerne/Medics,0.7657075748678802,0.9602356406480118,0.8520091473374715,1358.0,3.0233944208257335
Small grain grazing,0.39473684210526316,0.2459016393442623,0.30303030303030304,427.0,3.223619210226759
Wheat,0.49356223175965663,0.38333333333333336,0.43151969981238275,300.0,2.0222704734999963
accuracy,0.6997929606625258,0.6997929606625258,0.6997929606625258,0.6997929606625258,
macro avg,0.6427745267135853,0.5299412241143968,0.5683343641661922,2415.0,
weighted avg,0.6654413235976858,0.6997929606625258,0.668475404102777,2415.0,
