class,precision,recall,f1-score,support,cross_entropy
Barley,0.23678646934460887,0.5833333333333334,0.3368421052631579,192.0,2.9433045050362914
Canola,0.8888888888888888,0.5797101449275363,0.7017543859649122,138.0,0.4538429560954208
Lucerne/Medics,0.8184281842818428,0.6671575846833578,0.7350912778904666,1358.0,4.358226350468568
Small grain grazing,0.41901408450704225,0.2786885245901639,0.33473980309423346,427.0,3.1568776137433314
Wheat,0.27114967462039047,0.4166666666666667,0.328515111695138,300.0,3.410495680420939
accuracy,0.5556935817805383,0.5556935817805383,0.5556935817805383,0.5556935817805383,
macro avg,0.5268534603285546,0.5051112508402116,0.48738853678158167,2415.0,
weighted avg,0.637606235820372,0.5556935817805383,0.5802311280657214,2415.0,
