class,precision,recall,f1-score,support,cross_entropy
Barley,0.6511627906976745,0.4375,0.5233644859813084,192.0,1.0211465262195947
Canola,0.9351851851851852,0.7318840579710145,0.8211382113821138,138.0,0.29366312453244814
Lucerne/Medics,0.7820590006020469,0.9565537555228277,0.8605498509440211,1358.0,2.809821312067911
Small grain grazing,0.4263565891472868,0.2576112412177986,0.32116788321167883,427.0,3.103484336552186
Wheat,0.4980694980694981,0.43,0.46153846153846156,300.0,2.0089221542057523
accuracy,0.7134575569358178,0.7134575569358178,0.7134575569358178,0.7134575569358178,
macro avg,0.6585666127403382,0.5627098109423282,0.5975517786115168,2415.0,
weighted avg,0.682231903591648,0.7134575569358178,0.6865548557573703,2415.0,
