class,precision,recall,f1-score,support,cross_entropy
Barley,0.3282442748091603,0.4479166666666667,0.3788546255506608,192.0,1.8805557249329319
Canola,0.896551724137931,0.5652173913043478,0.6933333333333334,138.0,0.4601360507740476
Lucerne/Medics,0.7932739861523245,0.5897058823529412,0.6765078026149304,1360.0,5.1148446542801205
Small grain grazing,0.24270353302611367,0.3700234192037471,0.29313543599257885,427.0,5.081501469503411
Wheat,0.3078817733990148,0.4166666666666667,0.35410764872521244,300.0,3.040898557337572
accuracy,0.5167563094745552,0.5167563094745552,0.5167563094745552,0.5167563094745552,
macro avg,0.5137310583049088,0.47790600523887383,0.47918776924334316,2417.0,
weighted avg,0.604716011784613,0.5167563094745552,0.5460785376286417,2417.0,
