class,precision,recall,f1-score,support,cross_entropy
Barley,0.6528925619834711,0.4114583333333333,0.5047923322683706,192.0,1.0344948455158005
Canola,0.9363636363636364,0.7463768115942029,0.8306451612903226,138.0,0.28031480523558827
Lucerne/Medics,0.7906553398058253,0.959499263622975,0.8669328010645376,1358.0,2.6696639594471767
Small grain grazing,0.4826086956521739,0.25995316159250587,0.3378995433789954,427.0,2.903259547092968
Wheat,0.49019607843137253,0.5,0.49504950495049505,300.0,2.042292952453569
accuracy,0.7229813664596273,0.7229813664596273,0.7229813664596273,0.7229813664596273,
macro avg,0.6705432624472959,0.5754575140286035,0.6070638685905443,2415.0,
weighted avg,0.6962386094195482,0.7229813664596273,0.6963320332949123,2415.0,
