class,precision,recall,f1-score,support,cross_entropy
Barley,0.5321637426900585,0.4739583333333333,0.5013774104683195,192.0,1.2080229963832612
Canola,0.8522727272727273,0.5434782608695652,0.6637168141592921,138.0,0.5072362332835142
Lucerne/Medics,0.8514328808446455,0.8313696612665685,0.8412816691505216,1358.0,2.843192110274099
Small grain grazing,0.37404580152671757,0.45901639344262296,0.41219768664563616,427.0,3.730855343543833
Wheat,0.4738562091503268,0.48333333333333334,0.47854785478547857,300.0,2.109034548938958
accuracy,0.6774327122153209,0.6774327122153209,0.6774327122153209,0.6774327122153209,
macro avg,0.6167542722968952,0.5582311964490847,0.5794242870418496,2415.0,
weighted avg,0.6947864791487217,0.6774327122153209,0.683184537682666,2415.0,
