class,precision,recall,f1-score,support,cross_entropy
Barley,0.49375,0.4114583333333333,0.44886363636363635,192.0,1.2947870718130685
Canola,0.8283582089552238,0.8043478260869565,0.8161764705882353,138.0,0.3337080824265151
Lucerne/Medics,0.7637982195845697,0.9477172312223858,0.8458757804797897,1358.0,3.130180975200395
Small grain grazing,0.3767441860465116,0.18969555035128804,0.2523364485981308,427.0,3.2035967312755846
Wheat,0.4434389140271493,0.32666666666666666,0.3761996161228407,300.0,2.1691019857665452
accuracy,0.6857142857142857,0.6857142857142857,0.6857142857142857,0.6857142857142857,
macro avg,0.5812179057226908,0.5359771215321261,0.5478903904305266,2415.0,
weighted avg,0.6377858619799883,0.6857142857142857,0.6493254780135831,2415.0,
