class,precision,recall,f1-score,support,cross_entropy
Barley,0.6542056074766355,0.3645833333333333,0.4682274247491639,192.0,1.0611914841084304
Canola,0.8857142857142857,0.6739130434782609,0.7654320987654321,138.0,0.38042719996312724
Lucerne/Medics,0.7808549066827213,0.9550810014727541,0.8592249089102352,1358.0,2.8365179506620666
Small grain grazing,0.3902439024390244,0.2997658079625293,0.3390728476821192,427.0,3.330405764610138
Wheat,0.48598130841121495,0.3466666666666667,0.4046692607003891,300.0,2.042292952443543
accuracy,0.7006211180124223,0.7006211180124223,0.7006211180124223,0.7006211180124223,
macro avg,0.6394000021447763,0.5280019705827088,0.567325308161468,2415.0,
weighted avg,0.6710830435627532,0.7006211180124223,0.6743443501664389,2415.0,
