class,precision,recall,f1-score,support,cross_entropy
Barley,0.5307692307692308,0.359375,0.42857142857142855,192.0,1.2280454753244099
Canola,0.7380952380952381,0.6739130434782609,0.7045454545454546,138.0,0.5205845525847331
Lucerne/Medics,0.7964148527528809,0.9160530191458026,0.852054794520548,1358.0,2.8832370681910504
Small grain grazing,0.4,0.3700234192037471,0.3844282238442822,427.0,3.3771248821572124
Wheat,0.49504950495049505,0.3333333333333333,0.398406374501992,300.0,2.0155963138480795
accuracy,0.6890269151138716,0.6890269151138716,0.6890269151138716,0.6890269151138716,
macro avg,0.592065765313569,0.5305395630322287,0.5536012551967411,2415.0,
weighted avg,0.6644352201608265,0.6890269151138716,0.6709218061714275,2415.0,
