class,precision,recall,f1-score,support,cross_entropy
Barley,0.3686274509803922,0.4895833333333333,0.42058165548098436,192.0,1.7271770746723043
Canola,0.918918918918919,0.4927536231884058,0.6415094339622641,138.0,0.5068165095473737
Lucerne/Medics,0.7744209466263847,0.5654411764705882,0.653633659158521,1360.0,5.434939228733532
Small grain grazing,0.20170109356014582,0.38875878220140514,0.2656,427.0,6.121808836502097
Wheat,0.2610294117647059,0.23666666666666666,0.24825174825174826,300.0,2.8675139961596554
accuracy,0.48324369052544475,0.48324369052544475,0.48324369052544475,0.48324369052544475,
macro avg,0.5049395643701095,0.4346407163720799,0.4459152993707035,2417.0,
weighted avg,0.5855337026439899,0.48324369052544475,0.5155599837278669,2417.0,
