model_name,accuracy,cohen_kappa,f1_weighted,f1_macro,level
Stacking Ensemble,0.7349397590361446,0.6272929342823144,0.7371036837481499,0.6481031515413628,test
