{
  "model_name": "CNN-BiLSTM Ensemble Field-Level (Inference)",
  "timestamp": "2026-02-10T13:43:13.683685",
  "script_path": "/home/mmann1123/Documents/github/South_Africa_Crop_Comp/deep_learn/src/Deep Learning/Pixel_Field_Level/field_acc_cnnlstm.py",
  "hyperparameters": {
    "num_models": 5,
    "conv_filters": 64,
    "lstm_hidden": 64,
    "kernel_size": 5,
    "dropout": 0.3,
    "aggregation": "majority vote by FID"
  },
  "split_info": {
    "train_count": 2985,
    "val_count": 332,
    "test_count": 830,
    "random_seed": 42,
    "split_method": "fid-wise (field-level aggregation)"
  },
  "metrics": {
    "level": "test",
    "accuracy": 0.8313253012048193,
    "cohen_kappa": 0.7619564638448333,
    "f1_weighted": 0.8289065223399034,
    "f1_macro": 0.7767107816629786,
    "macro_avg": {
      "precision": 0.7884035191781033,
      "recall": 0.7685654754496871,
      "f1-score": 0.7767107816629786,
      "support": 830.0
    },
    "weighted_avg": {
      "precision": 0.8287938073088419,
      "recall": 0.8313253012048193,
      "f1-score": 0.8289065223399034,
      "support": 830.0
    }
  },
  "class_names": [
    "Barley",
    "Canola",
    "Lucerne/Medics",
    "Small grain grazing",
    "Wheat"
  ],
  "confusion_matrix": [
    [
      114,
      3,
      5,
      3,
      15
    ],
    [
      5,
      94,
      1,
      3,
      4
    ],
    [
      4,
      1,
      358,
      9,
      8
    ],
    [
      9,
      3,
      15,
      47,
      9
    ],
    [
      23,
      0,
      13,
      7,
      77
    ]
  ],
  "per_class": {
    "Barley": {
      "precision": 0.7354838709677419,
      "recall": 0.8142857142857143,
      "f1-score": 0.7728813559322034,
      "support": 140.0
    },
    "Canola": {
      "precision": 0.9306930693069307,
      "recall": 0.8785046728971962,
      "f1-score": 0.9038461538461539,
      "support": 107.0
    },
    "Lucerne/Medics": {
      "precision": 0.9132653061224489,
      "recall": 0.9421052631578948,
      "f1-score": 0.927461139896373,
      "support": 380.0
    },
    "Small grain grazing": {
      "precision": 0.6811594202898551,
      "recall": 0.5662650602409639,
      "f1-score": 0.618421052631579,
      "support": 83.0
    },
    "Wheat": {
      "precision": 0.6814159292035398,
      "recall": 0.6416666666666667,
      "f1-score": 0.6609442060085837,
      "support": 120.0
    }
  },
  "training_history": null,
  "feature_importance": null,
  "notes": null,
  "pdf_path": "/home/mmann1123/Documents/github/South_Africa_Crop_Comp/deep_learn/src/reports/CNN-BiLSTM_Ensemble_Field-Level__Inference_20260210_134313/report.pdf"
}