{
  "model_name": "TempCNN Temporal Conv",
  "timestamp": "2026-02-17T12:47:23.751574",
  "script_path": "/home/mmann1123/Documents/github/South_Africa_Crop_Comp/deep_learn/src/Deep Learning/Pixel_Field_Level/tempcnn_model.py",
  "hyperparameters": {
    "architecture": "TempCNN (Pelletier et al. 2019, adapted for T=10)",
    "conv_layers": "64\u2192128\u2192256",
    "kernel_sizes": "3, 3, 3",
    "pooling": "AdaptiveAvgPool1d",
    "head": "256\u2192128\u2192num_classes",
    "dropout": 0.3,
    "lr": 0.001,
    "optimizer": "AdamW (wd=1e-4)",
    "scheduler": "CosineAnnealingLR",
    "loss": "WeightedFocalLoss(gamma=2.0, alpha=1/class_counts)",
    "model_selection": "val F1 macro (maximize)",
    "gradient_clipping": 1.0,
    "epochs": 100,
    "patience": 15,
    "batch_size": 2048,
    "n_models": 5,
    "seeds": [
      42,
      101,
      202,
      303,
      404
    ],
    "temporal_order": "chronological"
  },
  "split_info": {
    "train_count": 4802658,
    "val_count": 1205790,
    "test_count": 1531914,
    "random_seed": 42,
    "split_method": "fid-wise"
  },
  "metrics": {
    "level": "test",
    "accuracy": 0.8240963855421687,
    "cohen_kappa": 0.7532156501763618,
    "f1_weighted": 0.8239242437207295,
    "f1_macro": 0.7693110365566493,
    "macro_avg": {
      "precision": 0.7732109728525206,
      "recall": 0.7659981857018405,
      "f1-score": 0.7693110365566493,
      "support": 830.0
    },
    "weighted_avg": {
      "precision": 0.8241460790660902,
      "recall": 0.8240963855421687,
      "f1-score": 0.8239242437207295,
      "support": 830.0
    }
  },
  "class_names": [
    "Barley",
    "Canola",
    "Lucerne/Medics",
    "Small grain grazing",
    "Wheat"
  ],
  "confusion_matrix": [
    [
      109,
      3,
      5,
      4,
      19
    ],
    [
      5,
      93,
      2,
      3,
      4
    ],
    [
      5,
      1,
      353,
      16,
      5
    ],
    [
      7,
      3,
      13,
      48,
      12
    ],
    [
      20,
      1,
      10,
      8,
      81
    ]
  ],
  "per_class": {
    "Barley": {
      "precision": 0.7465753424657534,
      "recall": 0.7785714285714286,
      "f1-score": 0.7622377622377622,
      "support": 140.0
    },
    "Canola": {
      "precision": 0.9207920792079208,
      "recall": 0.8691588785046729,
      "f1-score": 0.8942307692307693,
      "support": 107.0
    },
    "Lucerne/Medics": {
      "precision": 0.9216710182767625,
      "recall": 0.9289473684210526,
      "f1-score": 0.9252948885976409,
      "support": 380.0
    },
    "Small grain grazing": {
      "precision": 0.6075949367088608,
      "recall": 0.5783132530120482,
      "f1-score": 0.5925925925925926,
      "support": 83.0
    },
    "Wheat": {
      "precision": 0.6694214876033058,
      "recall": 0.675,
      "f1-score": 0.6721991701244814,
      "support": 120.0
    }
  },
  "training_history": null,
  "feature_importance": null,
  "notes": null,
  "pdf_path": "/home/mmann1123/Documents/github/South_Africa_Crop_Comp/deep_learn/src/reports/TempCNN_Temporal_Conv_20260217_124723/report.pdf"
}