{
  "model_name": "3D CNN Patch-Level",
  "timestamp": "2026-02-09T19:41:27.805441",
  "script_path": "/home/mmann1123/Documents/github/South_Africa_Crop_Comp/deep_learn/src/Deep Learning/Patch Level/3D_CNN.py",
  "hyperparameters": {
    "target_size": [
      128,
      128
    ],
    "batch_size": 8,
    "epochs": 20,
    "optimizer": "Adam(lr=1e-4)",
    "loss": "sparse_categorical_crossentropy",
    "conv3d_filters": [
      32,
      64,
      128
    ],
    "bands": [
      "SA_B11",
      "SA_B12",
      "SA_B2",
      "SA_B6",
      "SA_EVI",
      "SA_hue"
    ],
    "time_steps": 10
  },
  "split_info": {
    "train_count": 10996,
    "val_count": 0,
    "test_count": 2558,
    "random_seed": 42,
    "split_method": "field-based (patch-level)"
  },
  "metrics": {
    "level": "test",
    "accuracy": 0.746677091477717,
    "cohen_kappa": 0.6718513180713159,
    "f1_weighted": 0.737694464018077,
    "f1_macro": 0.6936129764617551,
    "macro_avg": {
      "precision": 0.7052662062732431,
      "recall": 0.6939569095491344,
      "f1-score": 0.6936129764617551,
      "support": 2558.0
    },
    "weighted_avg": {
      "precision": 0.7403890907039049,
      "recall": 0.746677091477717,
      "f1-score": 0.737694464018077,
      "support": 2558.0
    }
  },
  "class_names": [
    "Barley",
    "Canola",
    "Lucerne/Medics",
    "Small grain grazing",
    "Wheat"
  ],
  "confusion_matrix": [
    [
      536,
      2,
      9,
      16,
      30
    ],
    [
      20,
      386,
      1,
      14,
      5
    ],
    [
      12,
      1,
      702,
      44,
      54
    ],
    [
      60,
      0,
      52,
      169,
      65
    ],
    [
      163,
      0,
      31,
      69,
      117
    ]
  ],
  "per_class": {
    "Barley": {
      "precision": 0.6776232616940582,
      "recall": 0.9038785834738617,
      "f1-score": 0.7745664739884393,
      "support": 593.0
    },
    "Canola": {
      "precision": 0.9922879177377892,
      "recall": 0.9061032863849765,
      "f1-score": 0.947239263803681,
      "support": 426.0
    },
    "Lucerne/Medics": {
      "precision": 0.8830188679245283,
      "recall": 0.8634686346863468,
      "f1-score": 0.8731343283582089,
      "support": 813.0
    },
    "Small grain grazing": {
      "precision": 0.5416666666666666,
      "recall": 0.4884393063583815,
      "f1-score": 0.513677811550152,
      "support": 346.0
    },
    "Wheat": {
      "precision": 0.4317343173431734,
      "recall": 0.3078947368421053,
      "f1-score": 0.35944700460829493,
      "support": 380.0
    }
  },
  "training_history": {
    "accuracy": [
      0.540833055973053,
      0.6553292274475098,
      0.6696071028709412,
      0.6824299693107605,
      0.6939796209335327,
      0.7087122797966003,
      0.7101673483848572,
      0.720352828502655,
      0.7290832996368408,
      0.736722469329834,
      0.7395416498184204,
      0.7471808195114136,
      0.7521826028823853,
      0.7580029368400574,
      0.7633684873580933,
      0.765733003616333,
      0.7734630703926086,
      0.7775554656982422,
      0.7759185433387756,
      0.783557653427124
    ],
    "loss": [
      1.1261571645736694,
      0.8930915594100952,
      0.8513867259025574,
      0.8236362338066101,
      0.79631507396698,
      0.7738052010536194,
      0.758684515953064,
      0.7405129075050354,
      0.7302194833755493,
      0.7133584022521973,
      0.7000776529312134,
      0.6864442825317383,
      0.674248218536377,
      0.6559965014457703,
      0.6432932019233704,
      0.6334185004234314,
      0.6205578446388245,
      0.6160733699798584,
      0.6020208597183228,
      0.5904724597930908
    ],
    "val_accuracy": [
      0.6665363311767578,
      0.6716184616088867,
      0.6954652070999146,
      0.7060203552246094,
      0.7122752070426941,
      0.7052384614944458,
      0.7161844968795776,
      0.6946833729743958,
      0.7134479880332947,
      0.7294761538505554,
      0.720093846321106,
      0.7025019526481628,
      0.7322126626968384,
      0.7181391716003418,
      0.7040656805038452,
      0.7341673374176025,
      0.7271305918693542,
      0.7013291716575623,
      0.7556684613227844,
      0.7458952069282532
    ],
    "val_loss": [
      0.9096113443374634,
      0.8497860431671143,
      0.8247305154800415,
      0.8153279423713684,
      0.8303740620613098,
      0.8139795660972595,
      0.8092666864395142,
      0.8524910807609558,
      0.8035468459129333,
      0.8052027225494385,
      0.7824280261993408,
      0.7981415390968323,
      0.7949073910713196,
      0.8077770471572876,
      0.8713833093643188,
      0.7804536819458008,
      0.7694958448410034,
      0.8515270948410034,
      0.7683903574943542,
      0.746787965297699
    ]
  },
  "feature_importance": null,
  "notes": null,
  "pdf_path": "/home/mmann1123/Documents/github/South_Africa_Crop_Comp/deep_learn/src/reports/3D_CNN_Patch-Level_20260209_194127/report.pdf"
}