{
  "model_name": "XGBoost Field-Level",
  "timestamp": "2026-02-17T17:34:30.718350",
  "script_path": "/home/mmann1123/Documents/github/South_Africa_Crop_Comp/deep_learn/src/Classical Machine Learning/Field Level/xg_boost_hyper.py",
  "hyperparameters": {
    "n_estimators": 1118,
    "max_depth": 13,
    "learning_rate": 0.020053251038314825,
    "subsample": 0.5619397572110957,
    "colsample_bytree": 0.8927031895000972,
    "gamma": 0.28230607901166804,
    "reg_alpha": 0.03216447327593784,
    "reg_lambda": 0.0011197711933732374,
    "min_child_weight": 2
  },
  "split_info": {
    "train_count": 2653,
    "val_count": 664,
    "test_count": 830,
    "random_seed": 42,
    "split_method": "fid-wise"
  },
  "metrics": {
    "level": "test",
    "accuracy": 0.7493975903614458,
    "cohen_kappa": 0.6506401759750364,
    "f1_weighted": 0.7423176699819467,
    "f1_macro": 0.6838339478830278,
    "macro_avg": {
      "precision": 0.7040143428875867,
      "recall": 0.6703038253600473,
      "f1-score": 0.6838339478830278,
      "support": 830.0
    },
    "weighted_avg": {
      "precision": 0.7401701619996616,
      "recall": 0.7493975903614458,
      "f1-score": 0.7423176699819467,
      "support": 830.0
    }
  },
  "class_names": [
    "Barley",
    "Canola",
    "Lucerne/Medics",
    "Small grain grazing",
    "Wheat"
  ],
  "confusion_matrix": [
    [
      86,
      2,
      8,
      7,
      35
    ],
    [
      3,
      69,
      5,
      1,
      9
    ],
    [
      3,
      1,
      334,
      10,
      4
    ],
    [
      8,
      4,
      30,
      34,
      12
    ],
    [
      42,
      0,
      11,
      13,
      99
    ]
  ],
  "per_class": {
    "Barley": {
      "precision": 0.6056338028169014,
      "recall": 0.6231884057971014,
      "f1-score": 0.6142857142857143,
      "support": 138.0
    },
    "Canola": {
      "precision": 0.9078947368421053,
      "recall": 0.7931034482758621,
      "f1-score": 0.8466257668711656,
      "support": 87.0
    },
    "Lucerne/Medics": {
      "precision": 0.8608247422680413,
      "recall": 0.9488636363636364,
      "f1-score": 0.9027027027027027,
      "support": 352.0
    },
    "Small grain grazing": {
      "precision": 0.5230769230769231,
      "recall": 0.38636363636363635,
      "f1-score": 0.4444444444444444,
      "support": 88.0
    },
    "Wheat": {
      "precision": 0.6226415094339622,
      "recall": 0.6,
      "f1-score": 0.6111111111111112,
      "support": 165.0
    }
  },
  "training_history": null,
  "feature_importance": {
    "feature_names": [
      "B11_variance",
      "B6_standard_deviation",
      "B6_variance",
      "B11_standard_deviation",
      "B2_quantile_q_0.05",
      "B6_quantile_q_0.95",
      "hue_autocorr_lag_2",
      "B2_variance",
      "B2_standard_deviation",
      "EVI_median",
      "B2_mean_change",
      "EVI_autocorr_lag_1",
      "EVI_absolute_sum_of_changes",
      "hue_maximum",
      "B11_count_above_mean",
      "hue_sum",
      "B11_count_below_mean",
      "EVI_skewness",
      "B11_skewness",
      "B12_count_above_mean"
    ],
    "importance_values": [
      0.06386427581310272,
      0.02840694598853588,
      0.025943797081708908,
      0.02319737710058689,
      0.01678982377052307,
      0.01654122583568096,
      0.014772815629839897,
      0.014604337513446808,
      0.0135370884090662,
      0.011290001682937145,
      0.011265291832387447,
      0.00978286936879158,
      0.00930244941264391,
      0.009213683195412159,
      0.009060099720954895,
      0.008858248591423035,
      0.008784240111708641,
      0.00868422444909811,
      0.008605433627963066,
      0.008213517256081104
    ]
  },
  "training_time_seconds": 1891.4860513210297,
  "notes": "Optuna tuning: 67 trials, best F1 macro=0.7102",
  "pdf_path": "/home/mmann1123/Documents/github/South_Africa_Crop_Comp/deep_learn/src/reports/XGBoost_Field-Level_20260217_173430/report.pdf"
}