{
  "model": "ltae_pixel",
  "fraction": 0.5,
  "train_fields": 1326,
  "train_pixels": 2430759,
  "val_pixels": 1205790,
  "test_pixels": 1531914,
  "test_fields": 830,
  "seeds": [
    42,
    101,
    202,
    303,
    404
  ],
  "training_time_sec": 1034.7,
  "metrics": {
    "accuracy": 0.798795,
    "f1_macro": 0.729434,
    "f1_weighted": 0.796129,
    "cohen_kappa": 0.716273
  }
}