{
  "model_name": "Stacking Ensemble",
  "timestamp": "2026-02-09T09:54:31.851344",
  "script_path": "/home/mmann1123/Documents/github/South_Africa_Crop_Comp/deep_learn/src/Classical Machine Learning/Field Level/Ensemble - Voting and Stacking.py",
  "hyperparameters": {
    "estimators": [
      "LR (OVR)",
      "RF (OVR, n=400)",
      "HGB (OVR)",
      "XGB (OVR, n=400, depth=6, lr=0.1)"
    ],
    "voting": "N/A",
    "final_estimator": "LogisticRegression(max_iter=1000)"
  },
  "split_info": {
    "train_count": 3317,
    "val_count": 0,
    "test_count": 830,
    "random_seed": 42,
    "split_method": "fid-wise"
  },
  "metrics": {
    "level": "test",
    "accuracy": 0.7614457831325301,
    "cohen_kappa": 0.6563908705433683,
    "f1_weighted": 0.7528330465003832,
    "f1_macro": 0.6640120666862644,
    "macro_avg": {
      "precision": 0.679401813633521,
      "recall": 0.6564940792276659,
      "f1-score": 0.6640120666862644,
      "support": 830.0
    },
    "weighted_avg": {
      "precision": 0.7487691855602522,
      "recall": 0.7614457831325301,
      "f1-score": 0.7528330465003832,
      "support": 830.0
    }
  },
  "class_names": [
    "Barley",
    "Canola",
    "Lucerne/Medics",
    "Small grain grazing",
    "Wheat"
  ],
  "confusion_matrix": [
    [
      80,
      3,
      9,
      3,
      38
    ],
    [
      1,
      87,
      6,
      2,
      4
    ],
    [
      5,
      1,
      366,
      11,
      5
    ],
    [
      3,
      7,
      23,
      22,
      19
    ],
    [
      34,
      2,
      12,
      10,
      77
    ]
  ],
  "per_class": {
    "Barley": {
      "precision": 0.6504065040650406,
      "recall": 0.6015037593984962,
      "f1-score": 0.625,
      "support": 133.0
    },
    "Canola": {
      "precision": 0.87,
      "recall": 0.87,
      "f1-score": 0.87,
      "support": 100.0
    },
    "Lucerne/Medics": {
      "precision": 0.8798076923076923,
      "recall": 0.9432989690721649,
      "f1-score": 0.9104477611940298,
      "support": 388.0
    },
    "Small grain grazing": {
      "precision": 0.4583333333333333,
      "recall": 0.2972972972972973,
      "f1-score": 0.36065573770491804,
      "support": 74.0
    },
    "Wheat": {
      "precision": 0.5384615384615384,
      "recall": 0.5703703703703704,
      "f1-score": 0.5539568345323741,
      "support": 135.0
    }
  },
  "training_history": null,
  "feature_importance": null,
  "notes": null,
  "pdf_path": "/home/mmann1123/Documents/github/South_Africa_Crop_Comp/deep_learn/src/reports/Stacking_Ensemble_20260209_095431/report.pdf"
}