model_name,accuracy,cohen_kappa,f1_weighted,f1_macro,level
Stacking Ensemble,0.7614457831325301,0.6563908705433683,0.7528330465003832,0.6640120666862644,test
