{
  "model_name": "TempCNN Temporal Conv",
  "timestamp": "2026-02-17T19:49:14.009091",
  "script_path": "/home/mmann1123/Documents/github/South_Africa_Crop_Comp/deep_learn/src/Deep Learning/Pixel_Field_Level/tempcnn_model.py",
  "hyperparameters": {
    "architecture": "TempCNN (Pelletier et al. 2019, adapted for T=10)",
    "conv_layers": "64\u2192128\u2192256",
    "kernel_sizes": "3, 3, 3",
    "pooling": "AdaptiveAvgPool1d",
    "head": "256\u2192128\u2192num_classes",
    "dropout": 0.3,
    "lr": 0.001,
    "optimizer": "AdamW (wd=1e-4)",
    "scheduler": "CosineAnnealingLR",
    "loss": "WeightedFocalLoss(gamma=2.0, alpha=1/class_counts)",
    "model_selection": "val F1 macro (maximize)",
    "gradient_clipping": 1.0,
    "epochs": 100,
    "patience": 15,
    "batch_size": 2048,
    "n_models": 5,
    "seeds": [
      42,
      101,
      202,
      303,
      404
    ],
    "temporal_order": "chronological"
  },
  "split_info": {
    "train_count": 4802658,
    "val_count": 1205790,
    "test_count": 1531914,
    "random_seed": 42,
    "split_method": "fid-wise"
  },
  "metrics": {
    "level": "test",
    "accuracy": 0.827710843373494,
    "cohen_kappa": 0.7574810228747152,
    "f1_weighted": 0.8267412999728184,
    "f1_macro": 0.7749194490387156,
    "macro_avg": {
      "precision": 0.7817305124166862,
      "recall": 0.7689987876458402,
      "f1-score": 0.7749194490387156,
      "support": 830.0
    },
    "weighted_avg": {
      "precision": 0.8263717954606208,
      "recall": 0.827710843373494,
      "f1-score": 0.8267412999728184,
      "support": 830.0
    }
  },
  "class_names": [
    "Barley",
    "Canola",
    "Lucerne/Medics",
    "Small grain grazing",
    "Wheat"
  ],
  "confusion_matrix": [
    [
      107,
      3,
      5,
      4,
      21
    ],
    [
      5,
      94,
      2,
      3,
      3
    ],
    [
      5,
      1,
      356,
      12,
      6
    ],
    [
      8,
      3,
      14,
      49,
      9
    ],
    [
      19,
      0,
      12,
      8,
      81
    ]
  ],
  "per_class": {
    "Barley": {
      "precision": 0.7430555555555556,
      "recall": 0.7642857142857142,
      "f1-score": 0.7535211267605634,
      "support": 140.0
    },
    "Canola": {
      "precision": 0.9306930693069307,
      "recall": 0.8785046728971962,
      "f1-score": 0.9038461538461539,
      "support": 107.0
    },
    "Lucerne/Medics": {
      "precision": 0.9151670951156813,
      "recall": 0.9368421052631579,
      "f1-score": 0.9258777633289987,
      "support": 380.0
    },
    "Small grain grazing": {
      "precision": 0.6447368421052632,
      "recall": 0.5903614457831325,
      "f1-score": 0.6163522012578616,
      "support": 83.0
    },
    "Wheat": {
      "precision": 0.675,
      "recall": 0.675,
      "f1-score": 0.675,
      "support": 120.0
    }
  },
  "training_history": null,
  "feature_importance": null,
  "training_time_seconds": 1763.3619813919067,
  "notes": null,
  "pdf_path": "/home/mmann1123/Documents/github/South_Africa_Crop_Comp/deep_learn/src/reports/TempCNN_Temporal_Conv_20260217_194914/report.pdf"
}