{
  "model_name": "TempCNN Temporal Conv",
  "timestamp": "2026-02-13T12:11:43.783101",
  "script_path": "/home/mmann1123/Documents/github/South_Africa_Crop_Comp/deep_learn/src/Deep Learning/Pixel_Field_Level/tempcnn_model.py",
  "hyperparameters": {
    "architecture": "TempCNN (Pelletier et al. 2019, adapted for T=10)",
    "conv_layers": "64\u2192128\u2192256",
    "kernel_sizes": "3, 3, 3",
    "pooling": "AdaptiveAvgPool1d",
    "head": "256\u2192128\u2192num_classes",
    "dropout": 0.3,
    "lr": 0.001,
    "optimizer": "AdamW (wd=1e-4)",
    "scheduler": "CosineAnnealingLR",
    "loss": "FocalLoss(gamma=2.0)",
    "gradient_clipping": 1.0,
    "epochs": 30,
    "patience": 15,
    "batch_size": 2048,
    "n_models": 5,
    "seeds": [
      42,
      101,
      202,
      303,
      404
    ],
    "temporal_order": "chronological"
  },
  "split_info": {
    "train_count": 4802658,
    "val_count": 1205790,
    "test_count": 1531914,
    "random_seed": 42,
    "split_method": "fid-wise"
  },
  "metrics": {
    "level": "test",
    "accuracy": 0.827710843373494,
    "cohen_kappa": 0.7575538451482171,
    "f1_weighted": 0.8266431078880355,
    "f1_macro": 0.7719848301900984,
    "macro_avg": {
      "precision": 0.7790301497845297,
      "recall": 0.7661986869549733,
      "f1-score": 0.7719848301900984,
      "support": 830.0
    },
    "weighted_avg": {
      "precision": 0.826447679051733,
      "recall": 0.827710843373494,
      "f1-score": 0.8266431078880355,
      "support": 830.0
    }
  },
  "class_names": [
    "Barley",
    "Canola",
    "Lucerne/Medics",
    "Small grain grazing",
    "Wheat"
  ],
  "confusion_matrix": [
    [
      110,
      3,
      6,
      4,
      17
    ],
    [
      5,
      93,
      1,
      4,
      4
    ],
    [
      5,
      1,
      357,
      12,
      5
    ],
    [
      7,
      3,
      13,
      48,
      12
    ],
    [
      22,
      0,
      11,
      8,
      79
    ]
  ],
  "per_class": {
    "Barley": {
      "precision": 0.738255033557047,
      "recall": 0.7857142857142857,
      "f1-score": 0.7612456747404844,
      "support": 140.0
    },
    "Canola": {
      "precision": 0.93,
      "recall": 0.8691588785046729,
      "f1-score": 0.8985507246376812,
      "support": 107.0
    },
    "Lucerne/Medics": {
      "precision": 0.9201030927835051,
      "recall": 0.9394736842105263,
      "f1-score": 0.9296875,
      "support": 380.0
    },
    "Small grain grazing": {
      "precision": 0.631578947368421,
      "recall": 0.5783132530120482,
      "f1-score": 0.6037735849056604,
      "support": 83.0
    },
    "Wheat": {
      "precision": 0.6752136752136753,
      "recall": 0.6583333333333333,
      "f1-score": 0.6666666666666666,
      "support": 120.0
    }
  },
  "training_history": null,
  "feature_importance": null,
  "notes": null,
  "pdf_path": "/home/mmann1123/Documents/github/South_Africa_Crop_Comp/deep_learn/src/reports/TempCNN_Temporal_Conv_20260213_121143/report.pdf"
}