model_name,accuracy,cohen_kappa,f1_weighted,f1_macro,level
TempCNN Temporal Conv,0.827710843373494,0.7575538451482171,0.8266431078880355,0.7719848301900984,test
