{
  "model_name": "Voting Ensemble",
  "timestamp": "2026-02-09T09:54:31.372963",
  "script_path": "/home/mmann1123/Documents/github/South_Africa_Crop_Comp/deep_learn/src/Classical Machine Learning/Field Level/Ensemble - Voting and Stacking.py",
  "hyperparameters": {
    "estimators": [
      "LR (OVR)",
      "RF (OVR, n=400)",
      "HGB (OVR)",
      "XGB (OVR, n=400, depth=6, lr=0.1)"
    ],
    "voting": "soft",
    "final_estimator": "N/A"
  },
  "split_info": {
    "train_count": 3317,
    "val_count": 0,
    "test_count": 830,
    "random_seed": 42,
    "split_method": "fid-wise"
  },
  "metrics": {
    "level": "test",
    "accuracy": 0.7819277108433735,
    "cohen_kappa": 0.6823957210206972,
    "f1_weighted": 0.7692292354193256,
    "f1_macro": 0.6846420669827389,
    "macro_avg": {
      "precision": 0.720436630597921,
      "recall": 0.670601386441864,
      "f1-score": 0.6846420669827389,
      "support": 830.0
    },
    "weighted_avg": {
      "precision": 0.7686855072853908,
      "recall": 0.7819277108433735,
      "f1-score": 0.7692292354193256,
      "support": 830.0
    }
  },
  "class_names": [
    "Barley",
    "Canola",
    "Lucerne/Medics",
    "Small grain grazing",
    "Wheat"
  ],
  "confusion_matrix": [
    [
      83,
      3,
      9,
      4,
      34
    ],
    [
      1,
      86,
      7,
      2,
      4
    ],
    [
      3,
      1,
      377,
      3,
      4
    ],
    [
      3,
      7,
      25,
      22,
      17
    ],
    [
      30,
      2,
      16,
      6,
      81
    ]
  ],
  "per_class": {
    "Barley": {
      "precision": 0.6916666666666667,
      "recall": 0.6240601503759399,
      "f1-score": 0.6561264822134387,
      "support": 133.0
    },
    "Canola": {
      "precision": 0.8686868686868687,
      "recall": 0.86,
      "f1-score": 0.864321608040201,
      "support": 100.0
    },
    "Lucerne/Medics": {
      "precision": 0.868663594470046,
      "recall": 0.9716494845360825,
      "f1-score": 0.9172749391727494,
      "support": 388.0
    },
    "Small grain grazing": {
      "precision": 0.5945945945945946,
      "recall": 0.2972972972972973,
      "f1-score": 0.3963963963963964,
      "support": 74.0
    },
    "Wheat": {
      "precision": 0.5785714285714286,
      "recall": 0.6,
      "f1-score": 0.5890909090909091,
      "support": 135.0
    }
  },
  "training_history": null,
  "feature_importance": null,
  "notes": null,
  "pdf_path": "/home/mmann1123/Documents/github/South_Africa_Crop_Comp/deep_learn/src/reports/Voting_Ensemble_20260209_095431/report.pdf"
}