model_name,accuracy,cohen_kappa,f1_weighted,f1_macro,level
Voting Ensemble,0.7819277108433735,0.6823957210206972,0.7692292354193256,0.6846420669827389,test
