{
  "model": "ltae_pixel",
  "fraction": 0.75,
  "train_fields": 1989,
  "train_pixels": 3601264,
  "val_pixels": 1205790,
  "test_pixels": 1531914,
  "test_fields": 830,
  "seeds": [
    42,
    101,
    202,
    303,
    404
  ],
  "training_time_sec": 2205.9,
  "metrics": {
    "accuracy": 0.824096,
    "f1_macro": 0.763622,
    "f1_weighted": 0.821314,
    "cohen_kappa": 0.751615
  }
}