{
  "model_name": "XGBoost Field-Level",
  "timestamp": "2026-02-10T10:04:03.669418",
  "script_path": "/home/mmann1123/Documents/github/South_Africa_Crop_Comp/deep_learn/src/Classical Machine Learning/Field Level/xg_boost_hyper.py",
  "hyperparameters": {
    "n_estimators": 1270,
    "max_depth": 5,
    "learning_rate": 0.012590803411298533,
    "subsample": 0.7119692232592737,
    "colsample_bytree": 0.5164695949521513,
    "gamma": 0.3986968344122853,
    "reg_alpha": 0.012399826939390844,
    "reg_lambda": 0.5898882824824992,
    "min_child_weight": 8
  },
  "split_info": {
    "train_count": 2653,
    "val_count": 664,
    "test_count": 830,
    "random_seed": 42,
    "split_method": "fid-wise"
  },
  "metrics": {
    "level": "test",
    "accuracy": 0.7457831325301205,
    "cohen_kappa": 0.6439014074769926,
    "f1_weighted": 0.736378330191564,
    "f1_macro": 0.6770605266351846,
    "macro_avg": {
      "precision": 0.7026353909686147,
      "recall": 0.6616658148198629,
      "f1-score": 0.6770605266351846,
      "support": 830.0
    },
    "weighted_avg": {
      "precision": 0.7346177885919773,
      "recall": 0.7457831325301205,
      "f1-score": 0.736378330191564,
      "support": 830.0
    }
  },
  "class_names": [
    "Barley",
    "Canola",
    "Lucerne/Medics",
    "Small grain grazing",
    "Wheat"
  ],
  "confusion_matrix": [
    [
      82,
      2,
      10,
      8,
      36
    ],
    [
      4,
      69,
      6,
      1,
      7
    ],
    [
      5,
      1,
      337,
      6,
      3
    ],
    [
      9,
      4,
      32,
      32,
      11
    ],
    [
      41,
      0,
      13,
      12,
      99
    ]
  ],
  "per_class": {
    "Barley": {
      "precision": 0.5815602836879432,
      "recall": 0.5942028985507246,
      "f1-score": 0.5878136200716846,
      "support": 138.0
    },
    "Canola": {
      "precision": 0.9078947368421053,
      "recall": 0.7931034482758621,
      "f1-score": 0.8466257668711656,
      "support": 87.0
    },
    "Lucerne/Medics": {
      "precision": 0.8467336683417085,
      "recall": 0.9573863636363636,
      "f1-score": 0.8986666666666666,
      "support": 352.0
    },
    "Small grain grazing": {
      "precision": 0.5423728813559322,
      "recall": 0.36363636363636365,
      "f1-score": 0.43537414965986393,
      "support": 88.0
    },
    "Wheat": {
      "precision": 0.6346153846153846,
      "recall": 0.6,
      "f1-score": 0.616822429906542,
      "support": 165.0
    }
  },
  "training_history": null,
  "feature_importance": {
    "feature_names": [
      "B11_variance",
      "B11_standard_deviation",
      "B12_variance",
      "B6_variance",
      "B6_standard_deviation",
      "B2_variance",
      "B2_standard_deviation",
      "B12_standard_deviation",
      "B2_mean_change",
      "B6_quantile_q_0.95",
      "EVI_symmetry_looking",
      "hue_count_above_mean",
      "B2_quantile_q_0.05",
      "B11_symmetry_looking",
      "EVI_mean_abs_change",
      "hue_count_below_mean",
      "EVI_autocorr_lag_2",
      "EVI_median",
      "EVI_autocorr_lag_1",
      "B11_kurtosis"
    ],
    "importance_values": [
      0.06000438705086708,
      0.04592657834291458,
      0.028304146602749825,
      0.023366866633296013,
      0.021690411493182182,
      0.01696896366775036,
      0.01657967083156109,
      0.015778111293911934,
      0.01319298055022955,
      0.013082566671073437,
      0.011757656931877136,
      0.011723521165549755,
      0.011531861498951912,
      0.011285027489066124,
      0.010527679696679115,
      0.010212440975010395,
      0.009990943595767021,
      0.009327011182904243,
      0.008740304969251156,
      0.008618630468845367
    ]
  },
  "notes": "Optuna tuning: 57 trials, best F1=0.7628",
  "pdf_path": "/home/mmann1123/Documents/github/South_Africa_Crop_Comp/deep_learn/src/reports/XGBoost_Field-Level_20260210_100403/report.pdf"
}