{
  "model_name": "TabTransformer Ensemble (Field-Level)",
  "timestamp": "2026-02-09T17:22:40.024218",
  "script_path": "/home/mmann1123/Documents/github/South_Africa_Crop_Comp/deep_learn/src/Deep Learning/Pixel_Field_Level/TabTransformer_Final_Field.py",
  "hyperparameters": {
    "n_d": 64,
    "n_a": 64,
    "n_steps": 5,
    "gamma": 1.5,
    "n_independent": 2,
    "n_shared": 2,
    "lr": 0.001,
    "scheduler": "StepLR(step=10, gamma=0.9)",
    "max_epochs": 100,
    "patience": 10,
    "batch_size": 1024,
    "n_models": 5,
    "seeds": [
      42,
      101,
      202,
      303,
      404
    ]
  },
  "split_info": {
    "train_count": 4802658,
    "val_count": 1205790,
    "test_count": 1531914,
    "random_seed": 42,
    "split_method": "fid-wise"
  },
  "metrics": {
    "level": "test",
    "accuracy": 0.8024096385542169,
    "cohen_kappa": 0.7197112276121094,
    "f1_weighted": 0.798469369508902,
    "f1_macro": 0.7304868917934395,
    "macro_avg": {
      "precision": 0.7530828149834274,
      "recall": 0.7190334283518729,
      "f1-score": 0.7304868917934395,
      "support": 830.0
    },
    "weighted_avg": {
      "precision": 0.8009722817902025,
      "recall": 0.8024096385542169,
      "f1-score": 0.798469369508902,
      "support": 830.0
    }
  },
  "class_names": [
    "1",
    "2",
    "3",
    "4",
    "5"
  ],
  "confusion_matrix": [
    [
      79,
      20,
      1,
      12,
      8
    ],
    [
      31,
      98,
      3,
      5,
      3
    ],
    [
      6,
      6,
      91,
      2,
      2
    ],
    [
      8,
      3,
      1,
      362,
      6
    ],
    [
      15,
      9,
      3,
      20,
      36
    ]
  ],
  "per_class": {
    "1": {
      "precision": 0.5683453237410072,
      "recall": 0.6583333333333333,
      "f1-score": 0.61003861003861,
      "support": 120.0
    },
    "2": {
      "precision": 0.7205882352941176,
      "recall": 0.7,
      "f1-score": 0.7101449275362319,
      "support": 140.0
    },
    "3": {
      "precision": 0.9191919191919192,
      "recall": 0.8504672897196262,
      "f1-score": 0.883495145631068,
      "support": 107.0
    },
    "4": {
      "precision": 0.9027431421446384,
      "recall": 0.9526315789473684,
      "f1-score": 0.9270166453265045,
      "support": 380.0
    },
    "5": {
      "precision": 0.6545454545454545,
      "recall": 0.43373493975903615,
      "f1-score": 0.5217391304347826,
      "support": 83.0
    }
  },
  "training_history": null,
  "feature_importance": null,
  "notes": null,
  "pdf_path": "/home/mmann1123/Documents/github/South_Africa_Crop_Comp/deep_learn/src/reports/TabTransformer_Ensemble__Field-Level_20260209_172240/report.pdf"
}